{
    "total_runtime": 563.353921175003,
    "num_documents": 1,
    "input_load_time": 0,
    "workflows": {
        "create_base_text_units": {
            "overall": 0.11910200119018555,
            "0_orderby": 0.003910064697265625,
            "1_zip": 0.0013051033020019531,
            "2_aggregate_override": 0.003020048141479492,
            "3_chunk": 0.09213495254516602,
            "4_select": 0.0019428730010986328,
            "5_unroll": 0.003688812255859375,
            "6_rename": 0.0011930465698242188,
            "7_genid": 0.00177001953125,
            "8_unzip": 0.0016472339630126953,
            "9_copy": 0.0013620853424072266,
            "10_filter": 0.006194353103637695
        },
        "create_base_extracted_entities": {
            "overall": 184.67143034934998,
            "0_entity_extract": 184.65542316436768,
            "1_merge_graphs": 0.014275074005126953
        },
        "create_summarized_entities": {
            "overall": 6.2227349281311035,
            "0_summarize_descriptions": 6.2207441329956055
        },
        "create_base_entity_graph": {
            "overall": 0.03811192512512207,
            "0_cluster_graph": 0.03332805633544922,
            "1_select": 0.002657175064086914
        },
        "create_final_entities": {
            "overall": 10.904240131378174,
            "0_unpack_graph": 0.01239776611328125,
            "1_rename": 0.0026328563690185547,
            "2_select": 0.002517223358154297,
            "3_dedupe": 0.003904104232788086,
            "4_rename": 0.0026810169219970703,
            "5_filter": 0.006573677062988281,
            "6_text_split": 0.0036449432373046875,
            "7_drop": 0.02197408676147461,
            "8_merge": 0.013731002807617188,
            "9_text_embed": 10.818489074707031,
            "10_drop": 0.004148960113525391,
            "11_filter": 0.009107112884521484
        },
        "create_final_nodes": {
            "overall": 0.12732195854187012,
            "0_layout_graph": 0.04283308982849121,
            "1_unpack_graph": 0.015420913696289062,
            "2_unpack_graph": 0.01545095443725586,
            "3_drop": 0.003945827484130859,
            "4_filter": 0.010365009307861328,
            "5_select": 0.003840923309326172,
            "6_rename": 0.003946065902709961,
            "7_join": 0.008077859878540039,
            "8_convert": 0.015316963195800781,
            "9_rename": 0.004605293273925781
        },
        "create_final_communities": {
            "overall": 0.15482211112976074,
            "0_unpack_graph": 0.014298677444458008,
            "1_unpack_graph": 0.015424966812133789,
            "2_aggregate_override": 0.007748126983642578,
            "3_join": 0.0070798397064208984,
            "4_join": 0.0064198970794677734,
            "5_concat": 0.005096912384033203,
            "6_filter": 0.04669690132141113,
            "7_aggregate_override": 0.006608009338378906,
            "8_join": 0.006479024887084961,
            "9_filter": 0.012620687484741211,
            "10_fill": 0.0051059722900390625,
            "11_merge": 0.006468772888183594,
            "12_copy": 0.0051877498626708984,
            "13_select": 0.005259037017822266
        },
        "join_text_units_to_entity_ids": {
            "overall": 0.023693084716796875,
            "0_select": 0.0056989192962646484,
            "1_unroll": 0.0060482025146484375,
            "2_aggregate_override": 0.006402730941772461
        },
        "create_final_relationships": {
            "overall": 0.09295010566711426,
            "0_unpack_graph": 0.01593017578125,
            "1_filter": 0.015511035919189453,
            "2_rename": 0.006060123443603516,
            "3_filter": 0.014750957489013672,
            "4_drop": 0.006082773208618164,
            "5_compute_edge_combined_degree": 0.007391929626464844,
            "6_convert": 0.014096975326538086,
            "7_convert": 0.0071790218353271484
        },
        "join_text_units_to_relationship_ids": {
            "overall": 0.03439903259277344,
            "0_select": 0.0065801143646240234,
            "1_unroll": 0.006936073303222656,
            "2_aggregate_override": 0.0074498653411865234,
            "3_select": 0.006829977035522461
        },
        "create_final_community_reports": {
            "overall": 359.3333840370178,
            "0_prepare_community_reports_nodes": 0.009901046752929688,
            "1_prepare_community_reports_edges": 0.009486913681030273,
            "2_restore_community_hierarchy": 0.008778095245361328,
            "3_prepare_community_reports": 0.049742937088012695,
            "4_create_community_reports": 359.2277641296387,
            "5_window": 0.013911962509155273
        },
        "create_final_text_units": {
            "overall": 0.05872392654418945,
            "0_select": 0.007534980773925781,
            "1_rename": 0.007587909698486328,
            "2_join": 0.009261131286621094,
            "3_join": 0.009119987487792969,
            "4_aggregate_override": 0.00921010971069336,
            "5_select": 0.008220911026000977
        },
        "create_base_documents": {
            "overall": 0.09271502494812012,
            "0_unroll": 0.008900165557861328,
            "1_select": 0.008059978485107422,
            "2_rename": 0.008523225784301758,
            "3_join": 0.009908914566040039,
            "4_aggregate_override": 0.010317087173461914,
            "5_join": 0.010991096496582031,
            "6_rename": 0.008276224136352539,
            "7_convert": 0.0176239013671875
        },
        "create_final_documents": {
            "overall": 0.018126249313354492,
            "0_rename": 0.009003877639770508
        }
    }
}